SKU,ASIN,Department
CDM12_BEIGE_LED,B082F6DMCW,DM
CDM12_BLACK_N,B082F51JHJ,DM
CDM6_BEIGE,B07XZL1XF5,DM
CDM_HEART,B07Z84Q3YJ,DM
CDM_LED,B07XZKLM9L,DM
CDM_UNICORN,B07XZJZCH7,DM
DM12_BEIGE_LED,B082F5V386,DM
DM12_BLACK_LED,B082F63P4T,DM
DM12_BLACK_N,B082F5Q5CV,DM
DM8_BEIGE,B078XFFXS7,DM
DM8_BEIGE_N,B078XFFXS7,DM
C8-AW5W-28EY,B01FR3YHWG,DM
CDM12_BEIGE,B07N31D3LD,DM
CDM12_BLACK,B082F51JHJ,DM
CDM_SEA,B091L8TYC3,DM
DM10_BEIGE,B07N31P38L,DM
DM12_BEIGE,B07N2TYH8C,DM
DM12_BLACK,B082F5Q5CV,DM
DMXX,B078XF3R6Q,DM
DM_SET1,B091LBXM17,DM
DM_SET2,B091L67FCC,DM
DM_SET2_BLACK,B091L9PDL4,DM
BCDM12_BEIGE,B07N31D3LD,DM
BCDM12_BEIGE_LED,B082F6DMCW,DM
BCDM12_BLACK,B082F51JHJ,DM
BCDM6_BEIGE,B07XZL1XF5,DM
BCDM_HEART,B07Z84Q3YJ,DM
BCDM_LED,B07XZKLM9L,DM
BCDM_SEA,B091L8TYC3,DM
BCDM_UNICORN,B07XZJZCH7,DM
BDM10_BEIGE,B07N31P38L,DM
BDM12_BEIGE,B07N2TYH8C,DM
BDM12_BEIGE_LED,B082F5V386,DM
BDM12_BLACK,B082F5Q5CV,DM
BDM12_BLACK_LED,B082F63P4T,DM
BDM8_BEIGE,B078XFFXS7,DM
BDM_SET1,B091L9PDL4,DM
BDM_SET2,B091L67FCC,DM
BDM_SET2_BLACK,B091L9PDL4,DM
DM12_BEIGE_LED_N,B082F5V386,DM
LED_CDM_! 2_BEIGE,B082F6DMCW,DM
LED_CDM_!2_BEIGE,B082F6DMCW,DM
LED_DM_!2_BEIGE,B082F5V386,DM
LED_DM_!2_BLACK,B082F63P4T,DM
LED_DM_! 2_BEIGE,B082F5V386,DM
LED_DM_! 2_BLACK,B082F63P4T,DM
DM_BUNDLE_2_CLASSIC ,B09N2QG5BT,DM
DM_BUNDLE_3_CROCHET,B09N2Q8BJ2,DM
DM_BUNDLE_2_BLACK,B09NJDGTF9,DM
DM_BUNDLE_2_CLASSIC ,B09N2QG5BT,DM
DM_BUNDLE_3_CROCHET,B09N2Q8BJ2,DM
DM_BUNDLE_2_BLACK,B09NJDGTF9,DM
CDM_FLOWERS,B07XZL1XF5,DM
BDM12_BLACK_LED_N,B082F63P4T,DM
CoverPOrange,B01N8TDB84,GADDI
SilverPouf,B071H8RWN8,GADDI
6E-6DZD-WH51,B01N8THNSW,GADDI
CM-XTJJ-8Q50,B01HZJS6LS,GADDI
CoverPBLue,B01HZTJSCE,GADDI
CoverPPink,B01N8PDDIY,GADDI
CoverPRed,B01HZTGOF8,GADDI
KT-S4QL-ZX1O,B0722JHW6K,GADDI
black 4,B078CXSLXT,GADDI
black 5,B077XWPHVM,GADDI
BKT-S4QL-ZX1O,B0722JHW6K,GADDI
Bblack 5,B077XWPHVM,GADDI
bCoverPBLue,B01HZTJSCE,GADDI
bCoverPOramge,B01N8TDB84,GADDI
bCoverPRed,B01HZTGOF8,GADDI
bRoundie5Blue,B06Y26LR6J,GADDI
bRoundie5Silver,B06Y27TDT1,GADDI
bRoundie5Turq,B06Y26SNWJ,GADDI
bRoundieGeom,B072J84BYL,GADDI
bSilverPouf,B071H8RWN8,GADDI
xCM-XTJJ-8Q50,B01HZJS6LS,GADDI
Bblack 4,B078CXSLXT,GADDI
CA_P_BLUE_COVER,B01HZTJSCE,GADDI
CA_N5_BLUE_COVER,B01HZJS6LS,GADDI
CA_N5_SILVER_COVER,B071H8RWN8,GADDI
CA_N5_GOLD_COVER,B0722JHW6K,GADDI
CA_N4_BLACK_COVER,B078CXSLXT,GADDI
CA_N5_BLACK_COVER,B077XWPHVM,GADDI
CA_P_RED_COVER,B01HZTGOF8,GADDI
CA_N5_GREEN_COVER,B01N8THNSW,GADDI
PoufSilver,B071H8RWN8,GADDI
CoverMandTurq,B01N8THNSW,GADDI
CoverManBlue,B01HZJS6LS,GADDI
CoverMandSilver,B071H8RWN8,GADDI
CoverManBlack4,B078CXSLXT,GADDI
CoverMandBlack5,B077XWPHVM,GADDI
CoverMandGold,B0722JHW6K,GADDI
pCoverPRed,B01HZTGOF8,GADDI
HangerSmall,B085XMCN2F,HOOK
bHangerSmall,B085XMCN2F,HOOK
bHangerKeys5,B085XMKX3P,HOOK
HangerKeys5,B085XMKX3P,HOOK
HangerLarge3,B085XMLT91,HOOK
bHangerLarge3,B085XMLT91,HOOK
HangerHeart,B085XMC1QP,HOOK
bHangerHeart,B085XMC1QP,HOOK
HangerNaturalHeart,B085XN6K84,HOOK
HangerNaturalHeart,B085XN6K84,HOOK
HangerNaturalSmall,B085XMW5NH,HOOK
BHangerNaturalSmall,B085XMW5NH,HOOK
BHangerLarge3,B085XMLT91,HOOK
CoverPouf40MandBlackGold95,IGNORE,IGNORE
P3-FCRS-EGVS,IGNORE,IGNORE
Roundie4Blue,IGNORE,IGNORE
PoufRectGreen104,IGNORE,IGNORE
2C-F1XK-JNF3,IGNORE,IGNORE
Pareo20SilkGeom,B08GBY8Z8R,IGNORE
Pareo20SilkMan,B08GBTHVNV,IGNORE
Roundie5Blue,B06Y26LR6J,IGNORE
Roundie5Turq,B06Y26SNWJ,IGNORE
3G-2XPD-L21H,B01HZQR6PS,IGNORE
5X-7K6R-78H2,B01FR3GZBM,IGNORE
7Z-2U2K-N15G,B01FRFKLOW,IGNORE
BlueMandalaTowelSet,B06XBWPZ1W,IGNORE
NOTINUSE,B0723BJ9M5,IGNORE
NOTINUSE,B07SJKR1XM,IGNORE
E3-5AYF-ET7O,B01FR7CTEU,IGNORE
EA-K5IK-I11K,B01FPJUSKC,IGNORE
EL-JM5D-4UWG,B01FRF1XG2,IGNORE
GreenMandalaTowelSet,B06XBX1PJ3,IGNORE
H8-D6Q0-UB6H,B01FR2LHSO,IGNORE
Insert4Black,B077XV781H,IGNORE
Insert5Black,B077XZBS2S,IGNORE
Insert5Blue,B071J2X8PD,IGNORE
Insert5Gold,B071LNL6WY,IGNORE
Insert5Silver,B071ZGB8BJ,IGNORE
Insert5Turq,B077XWTZQY,IGNORE
InsertPBlue,B071LNLJDL,IGNORE
InsertPOrange,B071FH4326,IGNORE
InsertPRed,B0723BL4N5,IGNORE
L3-8MLU-32PG,IGNORE,IGNORE
MD-NHF4-5ZVV,IGNORE,IGNORE
MandalaBathTowelSet,IGNORE,IGNORE
MandalaHandTowelSet,IGNORE,IGNORE
O4-AB3B-YYQI,IGNORE,IGNORE
OrangeMandalaTowelSet,IGNORE,IGNORE
PAREO_PARENT,IGNORE,IGNORE
POUF_C_ROUND,IGNORE,IGNORE
POUF_C_SQUARE,IGNORE,IGNORE
PP-LQVQ-OPQ6,IGNORE,IGNORE
PillowCaseMandBlue,IGNORE,IGNORE
PillowCaseMandGold,IGNORE,IGNORE
PillowCaseMandGreen,IGNORE,IGNORE
PillowCaseMandSilver,IGNORE,IGNORE
PillowCasePBlue,IGNORE,IGNORE
PillowCasePOrange,IGNORE,IGNORE
PillowCasePPink,IGNORE,IGNORE
PillowCasePPurble,IGNORE,IGNORE
Pouf60BlackMandSilver97,B07SKT5XHK,IGNORE
PoufStaffedPirate,B0711Z2WQC,IGNORE
Roundie5Gold,B071747X9X,IGNORE
Roundie5Silver,B06Y27TDT1,IGNORE
RoundieFOL,B071FFVV6K,IGNORE
RoundieGeom,B072J84BYL,IGNORE
RoundieZebra,B06Y2CW4BH,IGNORE
TapestryMBlue,IGNORE,IGNORE
TapestryMGold,IGNORE,IGNORE
TapestryMSilver,IGNORE,IGNORE
TapestryPBLue,IGNORE,IGNORE
WM2,IGNORE,IGNORE
WM2_new,IGNORE,IGNORE
Roundie5Gold,B071747X9X,IGNORE
WM1,IGNORE,IGNORE
WM2,IGNORE,IGNORE
WM3,IGNORE,IGNORE
WM4,IGNORE,IGNORE
PoufRectGray101,IGNORE,IGNORE
PoufRoundGray101A,IGNORE,IGNORE
PoufPBlue40_100,IGNORE,IGNORE
PoufRectGray101,IGNORE,IGNORE
Pareo4BlackSilver,IGNORE,IGNORE
Pareo4BlackGold,IGNORE,IGNORE
PillowBeiz35,IGNORE,IGNORE
PoufTribalWB60,IGNORE,IGNORE
PoufManBeiz91,IGNORE,IGNORE
CoverPoufPeacockBlue9795,IGNORE,IGNORE
RoundiePeacockOrange,IGNORE,IGNORE
Pouf40BlackMandGold96,IGNORE,IGNORE
STSkullGrey#32_XX,IGNORE,IGNORE
PoufPBeige92,IGNORE,IGNORE
STSkullBlackDoddled#31_X,IGNORE,IGNORE
RoundieShipibo,IGNORE,IGNORE
Silver,IGNORE,IGNORE
ParepPPink,IGNORE,IGNORE
Pouf60BlackMandGold95,IGNORE,IGNORE
PoufRoundYellow94,IGNORE,IGNORE
RoundieSkull,IGNORE,IGNORE
RoundieBluePeacock,IGNORE,IGNORE
PillowPRed57A,IGNORE,IGNORE
PoufRectYellow94A,IGNORE,IGNORE
PoufRectRed102,IGNORE,IGNORE
RoundiePurplePeacock,IGNORE,IGNORE
PoufRectOrange105,IGNORE,IGNORE
PoufRectPurple103,IGNORE,IGNORE
PoufRectBlue93,IGNORE,IGNORE
PoufRoundBlue93A,IGNORE,IGNORE
PoufTribalBW59,IGNORE,IGNORE
PoufRoundPurple10AA,IGNORE,IGNORE
PoufRoundOrange105A,IGNORE,IGNORE
PoufRoundRed102A,IGNORE,IGNORE
RoundieMan5Blue,B06Y26LR6J,IGNORE
PoufPBlue56,IGNORE,IGNORE
PoufRoundGreen104A,IGNORE,IGNORE
RoundiePinkPeacock,IGNORE,IGNORE
1L-9FL9-0PUU,IGNORE,IGNORE
D3-AZL2-CX7A,IGNORE,IGNORE
FBA15CVSDCLS_unexpected_item_01,IGNORE,IGNORE
PillowMandGold55A,IGNORE,IGNORE
STMandalaGrey#36_X,IGNORE,IGNORE
PoufTriGold65,IGNORE,IGNORE
CoverPoufManBeiz91 ,IGNORE,IGNORE
CoverPouf60BlackMandGold95,IGNORE,IGNORE
CoverPoufPBlue40_100 ,IGNORE,IGNORE
bCoverPoufRectDariRug115,IGNORE,IGNORE
Round5Gold,B071747X9X,IGNORE
bCoverPoufRectDariRug115,IGNORE,IGNORE
Round5Gold,B071747X9X,IGNORE
Pareo5Turq,B07B939QZK,IGNORE
HangerNaturalKeys5,IGNORE,IGNORE
HangerNaturalLarge3,IGNORE,IGNORE
CoverPoufPRed57,B07N2Y675D,IGNORE
CoverRegnali31A,B08NYF92QL,IGNORE
CoverPillowMandGold55A,B07N2YZC5Z,IGNORE
CoverPillowPRed57A,B07N2W7WFK,IGNORE
CoverPoufEmb116,B08FH9819Y,IGNORE
bCoverPillowPRed57A,B07N2W7WFK,IGNORE
bCoverPoufMandGold55,B07N2Z9VJ1,IGNORE
bCoverPoufPRed57,B07N2Y675D,IGNORE
CoverPoufMandGold55-stickerless,B07N2Z9VJ1,IGNORE
CoverPillowManGold55A,B07N2YZC5Z,IGNORE
BCoverPillowMandGold55A,B07N2YZC5Z,IGNORE
BCoverPillowMandGold55A,B07N2YZC5Z,IGNORE
CoverCubeGray101B,B08NYH7J9C,IGNORE
CoverCubeYellow94B,B08NYFY9KL,IGNORE
CoverOutdoorRectTurq113,B08FH9H991,IGNORE
CoverPillowSquareBlue93C,B08NYDQ3W3,IGNORE
CoverPillowSquareGray101C,B08NYGBWYD,IGNORE
CoverPillowSquareGreen104C,B08NYJ7M25,IGNORE
CoverPillowSquareOrange105C,B08NYG24GM,IGNORE
CoverPillowSquarePurple103C,B08NYFXW23,IGNORE
CoverPillowSquareRed102C,B08NYDJWWH,IGNORE
CoverPillowSquareYellow94C,B08NYFJ38V,IGNORE
CoverCubeBlue93B,B08NYGZTV7,IGNORE
CoverPillowRoundBlue93D,B0933FZ98N,IGNORE
CoverPillowRoundGray101D,B0933FVNSC,IGNORE
CoverPillowRoundGreen04D,B0933DW4SP,IGNORE
CoverPillowRoundOrange105D,B0933H49C1,IGNORE
CoverPillowRoundPurple103D,B0933GQ3KJ,IGNORE
CoverPillowRoundRed102D,B0933DFDP6,IGNORE
CoverPillowRoundYellow94D,B0933HJFF9,IGNORE
BCoverPillowSquareBlue93C,B08NYDQ3W3,IGNORE
BCoverPillowSquareOrange105C,B08NYG24GM,IGNORE
BCoverPillowSquarePurple103C,B08NYFXW23,IGNORE
CoverPillowRoundGreen104D,B0933DW4SP,IGNORE
CoverPillowRoundGreen104D,B0933DW4SP,IGNORE
CoverPillowSquarePurple103B,B08NYFXW23,IGNORE
CoverPillowRoundGreen104D,B0933DW4SP,IGNORE
CoverPillowSquarePurple103B,B08NYFXW23,IGNORE
CoverPoufRectPatchW212,B08NYHGWBP,IGNORE
CoverPillowLim4060_233,B0933FJWYN,IGNORE
CoverPillowLim4060_234,B0933FHWLJ,IGNORE
CoverPillowPatch4060_235,B0933GHNJ3,IGNORE
CoverPillowPatch4060_236,B0933CY488,IGNORE
CoverPoufRoundPatch215,B07N2ZGX4F,IGNORE
CoverPoufRoundPatch216,B07SJQTMV1,IGNORE
CoverPoufRectPatchW212_N ,B08NYHGWBP,IGNORE
MAC_R_BEIGE,B08LZ2JX5Q,MAC
MAC_R_BLACK,B08LYXKQBY,MAC
MAC_R_GRAY,B08LZCQFM8,MAC
750440983509,B07Z85VZLV,MAC
MAC_DM,B08LZCN3Z2,MAC
MAC_M_BEIGE,B08LYXPP85,MAC
MAC_M_BLACK,B08LZ12XMW,MAC
MAC_M_GRAY,B08M11LKNS,MAC
bMAC_DM,B08LZCN3Z2,MAC
bMAC_M_BEIGE,B08LYXPP85,MAC
bMAC_M_BLACK,B08LZ12XMW,MAC
bMAC_M_GRAY,B08M11LKNS,MAC
bMAC_R_BEIGE,B08LZ2JX5Q,MAC
bMAC_R_BLACK,B08LYXKQBY,MAC
bMAC_R_GRAY,B08LZCQFM8,MAC
bMAC_SHELF,B07Z85VZLV,MAC
RM_BEIGE,B08LZ2JX5Q,MAC
RM_BLACK,B08LYXKQBY,MAC
RM_GRAY,B08LZCQFM8,MAC
BMAC_DM_3,B07N2X32XD,MAC
CoverPillowPBeige92A,B08FH5HX1Z,P_BOHO
CoverPillowPlue56A,B07N2ZTSXZ,P_BOHO
CoverPoufGeom107,B08FH8C4LP,P_BOHO
CoverPoufGoldBlue108,B08FH8NYT6,P_BOHO
CoverPoufMandGold55,B07N2Z9VJ1,P_BOHO
CoverPoufPBlue56,B07N315FXJ,P_BOHO
CoverPoufPPink106,B08FH6ZWV2,P_BOHO
CoverPoufRengali,B083NHS71H,P_BOHO
CoverpillowBeiz34,B07N2Z95VF,P_BOHO
CoverPoufFLower109,B08FH89S8G,P_BOHO
CoverPoufPBeige92,B07N2YYGXL,P_BOHO
213,B07SNR99TW,P_BOHO
BCoverPoufPBeige92_N,B07N2YYGXL,P_BOHO
BCoverPoufPPink106,B08FH6ZWV2,P_BOHO
BCoverPoufRengali,B083NHS71H,P_BOHO
bCoverPoufFLower109,B08FH89S8G,P_BOHO
bCoverPoufMan213,B07SNR99TW,P_BOHO
bCoverPoufPBlue56,B07N315FXJ,P_BOHO
bCoverPoufPBeige92,B07N2YYGXL,P_BOHO
BCoverPillowPBlue56A,B07N2ZTSXZ,P_BOHO
CoverPoufPBeige92_FBM,B07N2YYGXL,P_BOHO
CoverPoufMan213,B07SNR99TW,P_BOHO
CoverPoufMan213,B07SNR99TW,P_BOHO
CoverPoufPBlue60_99,B07SNR99TW,P_BOHO
CoverPoufMan213,B07SNR99TW,P_BOHO
CoverPoufPBlue60_99,B07SNR99TW,P_BOHO
CoverOutdoorRectVintage114,B08FMTFT1Y,P_RUG
CoverPoufRectOrange105,B083NR8TPM,P_RUG
CoverPoufRectRed102,B07SLQXWMS,P_RUG
CoverPoufRoundBlue93A,B083NRT1T6,P_RUG
CoverPoufRoundGray101A,B083NT48DV,P_RUG
CoverPoufRoundPurple10AA,B083NMKC1L,P_RUG
CoverPoufRoundRed102A,B083N1PCGJ,P_RUG
CoverPoufRoundYellow94,B07SLQY5F8,P_RUG
CoverPoufRectBlue93,B07SMQ1SYH,P_RUG
CoverPoufRectGray101,B083NR5LPC,P_RUG
CoverPoufRectGreen104,B083NTQL69,P_RUG
CoverPoufRectPurple103,B07SHL3RQW,P_RUG
CoverPoufRectRugTurq110,B08FBBXLMH,P_RUG
CoverPoufRectYellow94A,B083NR1Y46,P_RUG
CoverPoufRoundGreen104A,B083NCPYK1,P_RUG
CoverPoufRoundOrange105A,B083NPJJ1B,P_RUG
BCoverPoufRectBlue93,B07SMQ1SYH,P_RUG
BCoverPoufRectGreen104,B083NTQL69,P_RUG
BCoverPoufRectYellow94A,B083NR1Y46,P_RUG
BCoverPoufRoundBlue93A,B083NRT1T6,P_RUG
BCoverPoufRoundYellow94,B07SLQY5F8,P_RUG
bCoverOutdoorRectTurq113,B08FH9H991,P_RUG
bCoverOutdoorRectVintage114,B08FMTFT1Y,P_RUG
bCoverPoufRectGray101,B083NR5LPC,P_RUG
bCoverPoufRectOrange105,B083NR8TPM,P_RUG
bCoverPoufRectPurple103,B07SHL3RQW,P_RUG
bCoverPoufRectRugTurq110,B08FBBXLMH,P_RUG
bCoverPoufRoundGreen104A,B083NCPYK1,P_RUG
bCoverPoufRoundPurple10AA,B083NMKC1L,P_RUG
bCoverPoufRoundOrange105A,B083NPJJ1B,P_RUG
BCoverPoufRoundYellow94_FBM,B07SLQY5F8,P_RUG
BCoverPoufRectRed102 ,B07SLQXWMS,P_RUG
CoverPoufRectPatch111,B08FH9ZH5Y,P_RUG
BCoverPoufRectPatch111,B08FH9ZH5Y,P_RUG
BCoverCubeTribalBW59A,B08427XRF6,P_TR
CoverCubeGray74,B08427LS8R,P_TR
CoverPoufBW59_N,B07N2ZH2TM,P_TR
CoverPoufTriGold65,B07N2Z791B,P_TR
CoverPoufWB60_N,B07N2ZDB6P,P_TR
CoverPoufWB60_New,B07N2ZDB6P,P_TR
CiverBWTriangle64,B084282H99,P_TR
CoverCubeTribalBW59A,B08427XRF6,P_TR
CoverCubeTribalWB60A,B08427L5TB,P_TR
CoverPoufGray66,B07N317LS4,P_TR
BCoverCubeTribalWB60A,B08427L5TB,P_TR
bCoverCubeGray74,B08427LS8R,P_TR
bCoverPoufBW59,B07N2ZH2TM,P_TR
CoverPoufWB60,B07N2ZDB6P,P_TR
CoverPoufBW59,B07N2ZH2TM,P_TR
CoverPoufWB60xxx_N,B07N2ZDB6P,P_TR
bCoverPoufWB60,B07N2ZDB6P,P_TR
bCoverPoufWB60,B07N2ZDB6P,P_TR
BCoverPoufTriGold65 ,B07N2Z791B,P_TR
CoverPouf302,B0B7SFBTXZ,P_TR
CoverPouf303,B0B7SCD818,P_TR
CoverPouf301,B0B7SDYC38,P_TR
Pareo20RayonGeom,B08GC3B7C1,PAREO
Pareo20RayonMan,B07B939QZK,PAREO
PareoHBlue,B07Q4FM2CL,PAREO
PareoHPur,B07Q5JDW16,PAREO
PareoPOrange,B07B921LZY,PAREO
PareoPPur,B072BB24WX,PAREO
PareoPPur2,B07Q4FKR8C,PAREO
SkullPareo,B06Y22LRTP,PAREO
Pareo4BlackNew,B07CBMX9BS,PAREO
PareoBlueP19,B07QMQKS5J,PAREO
PareoHRed,B07Q5JHJRJ,PAREO
PareoPPurple,B072BB24WX,PAREO
SkullPareo_X,B06Y22LRTP,PAREO
ParepPBlue,IGNORE,PAREO
Pareo5Orange501 ,B0B59WLBDR,PAREO
Pareo4Blue503 ,B0B59W26WN,PAREO
Pareo5Blue502 ,B0B59W8L1P,PAREO
KaftanPurple_101 ,B09ZPRF5NW,PAREO
KaftanBlue_102 ,B09ZPQT14V,PAREO
KaftanPurple79,B09WXB87BW,PAREO
KaftaNWhite85,B09WWXM45G,PAREO
KaftanPurple_79,B09WXB87BW,PAREO
KaftanBlue102,B09ZPQT14V,PAREO
Pareo5Blue ,B0B59W8L1P,PAREO
Pareo5Orange,B0B59WLBDR,PAREO
Pareo4Blue,B0B59W26WN,PAREO
KaftanPurple101,B09ZPRF5NW,PAREO
KaftaNWhite_85,B09WWXM45G,PAREO
BPareoBlueP19,B07QMQKS5J,PAREO
BPareoHRed,B07Q5JHJRJ,PAREO
BPareoPPur2,B07Q4FKR8C,PAREO
PAREO_ZEN_1,B0BRXS89QQ,PAREO
PAREO_ZEN_1_SET,B0BRXRGQXZ,PAREO
PAREO_ZEN_2,B0BRXQHRYW,PAREO
PAREO_ZEN_2_SET,B0BRXS6CH6,PAREO
PAREO_ZEN_3,B0BRXRYGJ2,PAREO
PAREO_ZEN_4,B0BRXRH4YQ,PAREO
PAREO_ZEN_4K,B0BRXR3LLY,PAREO
PAREO_ZEN_5,B0BRXQGTKJ,PAREO
PAREO_ZEN_5K,B0BRXRYXYJ,PAREO
PAREO_ZEN_6,B0BRXS2S27,PAREO
CANCELED ,B0BRXQJB4Q,PAREO
PAREO_ZEN_8,B0BRXP4NHV,PAREO
PAREO_ZEN_8_SET,B0BRXR36FZ,PAREO
PAREO_ZEN_8K,B0BRXQ21SG,PAREO
PAREO_ZEN_9,B0BRXRV5ZX,PAREO
PAREO_ZEN_9_SET,B0BRXSDQCQ,PAREO
PAREO_ZEN_9K,B0BRXRXPML,PAREO
PAREO_ZEN_10,B0BRXRVLRH,PAREO
PAREO_ZEN_11A,B0BRXS54BW,PAREO
PAREO_ZEN_11B,B0BRXSXZ91,PAREO
,,PAREO
PAREO_ACA_1A,B0BRWQ3LHN,PAREO
PAREO_ACA_1B,B0BRWR4TWK,PAREO
PAREO_ACA_2,B0BRWQHDYC,PAREO
PAREO_ACA_3,B0BRWQS6GZ,PAREO
PAREO_ACA_5BLue,B0BRWQNCNN,PAREO
PAREO_ACA_5Gold,B0BRWPP3T9,PAREO
PAREO_ACA_5Red,B0BRWPS8JK,PAREO
PAREO_ACA_5Green,B0BRWQJQ4D,PAREO
PAREO_ACA_5Blue_SET,B0BRWQCPF2,PAREO
PAREO_ACA_5Gold_SET,B0BRWQPQWH,PAREO
PAREO_ACA_5Red_SET,B0BRWRHSTL,PAREO
PAREO_ACA_5Green_SET,B0BRWR6B8M,PAREO
PAREO_ACA_6A,B0BRWQZZT1,PAREO
PAREO_ACA_6B,B0BRWQWMR9,PAREO
PAREO_ACA_5Set_Short_A,B0BRWQSXHP,PAREO
PAREO_ACA_5Set_Short_B,B0BRWMGMWR,PAREO
PAREO_ZEN_11_SET,B0BRXS54BW,PAREO
PAREO_ZEN_7_SHORT,B0BRXSXZ91,PAREO
bCoverPoufRoundDariRug112,IGNORE,RUG
BlackRug35_227,B09339QXWJ,RUG
BlackRug46_228,B0933BYJ7Z,RUG
Block235_223,B0933FLK2G,RUG
Block246_224,B0933CDM6D,RUG
CoverPoufRectDariRug115,B08FH9S787,RUG
CoverPoufRoundDariRug112,B08FH9YZSF,RUG
DariRug112A,B08FH9XXRL,RUG
DariRug112B,B0933CTJJH,RUG
JuteRug35_225,B093399VYY,RUG
JuteRug46_226,B09339GC8M,RUG
JuteRugRound4_229,B0933BSLY7,RUG
JuteRugRound5_230,B0933BXDSZ,RUG
Moroccan35_219,B09339XXTW,RUG
Moroccan35_220,B0933CD2HC,RUG
TribalRug35_237,B0933CQ5XR,RUG
TribalRug46_238,B093393X47,RUG
WavesRug35_217,B09339TJ39,RUG
WavesRug46_218,B0933D2PPG,RUG
Block135_231,B09339GXSF,RUG
Block146_232,B09339WKGQ,RUG
PinkRug35_221,B0933D45JM,RUG
PinkRug46_222,B0933CLWMK,RUG
DariRug112A_N,B08FH9XXRL,RUG
Moroccan46_220,B0933CD2HC,RUG
Moroccan46_220,B0933CD2HC,RUG
WavesRug46_218_N,B0933D2PPG,RUG
PinkRug35_221_N ,B0933D45JM,RUG
Moroccan46_220,B0933CD2HC,RUG
WavesRug46_218_N,B0933D2PPG,RUG
PinkRug35_221_N ,B0933D45JM,RUG
BlackRug46_228_N,B0933BYJ7Z,RUG
